date,money,transactions,day_of_year,day_of_week,month,is_weekend,revenue_7day_avg,revenue_30day_avg,revenue_volatility,trend,seasonal,predicted_revenue
2024-03-01,396.3,11,61,4,3,0,,,,,,
2024-03-02,188.1,6,62,5,3,1,,,,,,
2024-03-03,309.1,9,63,6,3,1,,,,,,
2024-03-04,135.2,4,64,0,3,0,,,,,,
2024-03-05,338.5,9,65,1,3,0,,,,,,
2024-03-06,135.2,4,66,2,3,0,,,,,,
2024-03-07,140.1,4,67,3,3,0,234.64285714285714,,110.56337333769046,,,
2024-03-08,265.5,8,68,4,3,0,215.95714285714286,,87.2931814279301,,,
2024-03-09,439.4,13,69,5,3,1,251.85714285714286,,119.6171790497064,,,
2024-03-10,91.6,3,70,6,3,1,220.78571428571428,,130.06228544523614,,,
2024-03-11,135.2,4,71,0,3,0,220.78571428571428,,130.06228544523614,,,
2024-03-12,188.1,6,72,1,3,0,199.29999999999998,,119.35761391716906,,,
2024-03-13,231.2,8,73,2,3,0,213.01428571428573,,116.23945727923638,,,
2024-03-14,357.1,11,74,3,3,0,244.0142857142857,,122.32938361341517,,,
2024-03-15,67.6,2,75,4,3,0,215.74285714285716,,138.3548078569836,,,
2024-03-16,183.2,6,76,5,3,1,179.14285714285714,,97.04974424048137,,,
2024-03-17,28.9,1,77,6,3,1,170.18571428571428,,108.67341638400542,,,
2024-03-18,115.6,4,78,0,3,0,167.38571428571427,,109.96983569099643,,,
2024-03-19,149.9,4,79,1,3,0,161.92857142857142,,109.71811935266528,,,
2024-03-20,173.9,5,80,2,3,0,153.74285714285716,,105.75454059823079,,,
2024-03-21,135.2,4,81,3,3,0,122.04285714285716,,56.361359610488826,,,
2024-03-22,149.39999999999998,5,82,4,3,0,133.72857142857143,,51.45890639742583,,,
2024-03-23,285.1,8,83,5,3,1,148.28571428571428,,76.23497510048401,,,
2024-03-24,38.7,1,84,6,3,1,149.68571428571428,,73.72583058357554,,,
2024-03-25,188.60000000000002,5,85,0,3,0,160.1142857142857,,73.26230109616236,,,
2024-03-26,376.7,11,86,1,3,0,192.5142857142857,,109.28625147704884,,,
2024-03-27,231.7,7,87,2,3,0,200.77142857142854,,109.82764852691865,,,
2024-03-28,125.4,4,88,3,3,0,199.3714285714286,,110.86041845921554,,,
2024-03-29,116.10000000000001,3,89,4,3,0,194.6142857142857,,114.03125928988986,,,
2024-03-30,149.9,4,90,5,3,1,175.29999999999998,195.55,107.40823990737393,195.55,-45.650000000000006,
2024-03-31,38.7,1,91,6,3,1,175.3,183.63,107.40823990737393,183.63,-144.93,
2024-04-01,202.79999999999998,6,92,0,4,0,177.32857142857142,184.12,107.8345447786517,184.12,18.67999999999998,
2024-04-02,96.5,3,93,1,4,0,137.3,177.03333333333333,64.9846392106113,177.03333333333333,-80.53333333333333,
2024-04-03,96.5,3,94,2,4,0,117.9857142857143,175.74333333333334,50.79371445928536,175.74333333333334,-79.24333333333334,
2024-04-04,145.0,4,95,3,4,0,120.78571428571429,169.29333333333335,51.80078598410853,169.29333333333335,-24.29333333333335,
2024-04-05,212.1,7,96,4,4,0,134.5,171.85666666666668,62.04796531716401,171.85666666666668,40.24333333333331,
2024-04-06,140.1,4,97,5,4,1,133.1,171.85666666666665,61.75243584939238,171.85666666666665,-31.75666666666666,
2024-04-07,241.5,7,98,6,4,1,162.07142857142858,171.05666666666667,57.50938225732422,171.05666666666667,70.44333333333333,
2024-04-08,280.2,8,99,0,4,0,173.12857142857143,165.75,72.20767997671051,165.75,114.44999999999999,
2024-04-09,116.10000000000001,3,100,1,4,0,175.92857142857142,166.56666666666666,69.05207489727619,166.56666666666666,-50.466666666666654,
2024-04-10,101.4,3,101,2,4,0,176.62857142857143,165.44,68.13138567712906,165.44,-64.03999999999999,
2024-04-11,169.0,5,102,3,4,0,180.05714285714288,164.8033333333333,66.86660494703503,164.8033333333333,4.196666666666687,
2024-04-12,67.6,2,103,4,4,0,159.41428571428574,159.35,76.88067439375183,159.35,-91.75,
2024-04-13,222.4,6,104,5,4,1,171.17142857142855,154.85999999999999,79.6768204328317,154.85999999999999,67.54000000000002,
2024-04-14,299.3,9,105,6,4,1,179.42857142857142,162.58333333333334,90.44697736400983,162.58333333333334,136.71666666666667,
2024-04-15,125.39999999999999,4,106,0,4,0,157.31428571428572,160.6566666666667,80.02587974256465,160.6566666666667,-35.2566666666667,
2024-04-16,241.5,7,107,1,4,0,175.22857142857143,167.74333333333334,83.2336212974403,167.74333333333334,73.75666666666666,
2024-04-17,159.2,5,108,2,4,0,183.48571428571427,169.1966666666667,77.34770904970674,169.1966666666667,-9.996666666666698,
2024-04-18,352.7,10,109,3,4,0,209.72857142857146,175.95666666666665,99.5814861354879,175.95666666666665,176.74333333333334,
2024-04-19,261.1,7,110,4,4,0,237.37142857142857,178.86333333333334,78.09015546758997,178.86333333333334,82.23666666666668,
2024-04-20,420.3,12,111,5,4,1,265.64285714285717,188.36666666666667,103.4667717537512,188.36666666666667,231.93333333333334,
2024-04-21,65.64,2,112,6,4,1,232.26285714285714,185.57466666666667,126.02976232016064,185.57466666666667,-119.93466666666667,
2024-04-22,98.46000000000001,3,113,0,4,0,228.41428571428574,179.35333333333335,130.17991381893273,179.35333333333335,-80.89333333333335,
2024-04-23,173.9,5,114,1,4,0,218.7571428571429,183.85999999999999,131.54758856452995,183.85999999999999,-9.95999999999998,
2024-04-24,272.36,8,115,2,4,0,234.92285714285714,186.65200000000002,129.95224067765375,186.65200000000002,85.708,
2024-04-25,121.48,4,116,3,4,0,201.89142857142858,178.14466666666667,124.28851427606808,178.14466666666667,-56.66466666666666,
2024-04-26,300.28,9,117,4,4,0,207.48857142857145,180.43066666666667,128.21932296246294,180.43066666666667,119.8493333333333,
2024-04-27,37.72,1,118,5,4,1,152.8342857142857,177.50799999999998,101.0480049047882,177.50799999999998,-139.78799999999998,
2024-04-28,169.0,5,119,6,4,1,167.6,179.2713333333333,93.44918262528215,179.2713333333333,-10.271333333333303,
2024-04-29,257.66,8,120,0,4,0,190.34285714285716,182.86333333333332,93.19003840080148,182.86333333333332,74.79666666666671,
2024-04-30,272.36,8,121,1,4,0,204.4085714285714,190.65200000000002,97.61986946460085,190.65200000000002,81.708,
2024-05-02,206.72,6,123,3,5,0,195.03142857142856,190.78266666666664,93.05040201033906,190.78266666666664,15.937333333333356,
2024-05-03,75.44,2,124,4,5,0,188.45428571428573,190.08066666666667,100.44878410698374,190.08066666666667,-114.64066666666668,
2024-05-06,285.58,9,127,0,5,0,186.3542857142857,196.38333333333333,97.84110704898748,196.38333333333333,89.19666666666666,
2024-05-07,310.08,9,128,1,5,0,225.26285714285714,201.886,81.70685032771844,201.886,108.19399999999999,
2024-05-08,37.72,1,129,2,5,0,206.50857142857143,196.07333333333332,107.70392122675499,196.07333333333332,-158.35333333333332,
2024-05-09,295.38,9,130,3,5,0,211.89714285714288,201.24933333333334,111.56404225291192,201.24933333333334,94.13066666666666,
2024-05-10,75.44,2,131,4,5,0,183.76571428571427,195.714,118.3950780025846,195.714,-120.274,
2024-05-11,254.24,7,132,5,5,1,190.5542857142857,194.84866666666667,121.25833288990118,194.84866666666667,59.391333333333336,
2024-05-12,272.36,8,133,6,5,1,218.68571428571428,200.05733333333333,112.63712751680988,200.05733333333333,72.30266666666668,
2024-05-13,32.82,1,134,0,5,0,182.57714285714286,197.77133333333333,127.19221067794544,197.77133333333333,-164.95133333333334,
2024-05-14,403.64,12,135,1,5,0,195.94285714285712,205.5926666666667,146.3036014268828,205.5926666666667,198.04733333333328,
2024-05-15,321.82,11,136,2,5,0,236.52857142857144,214.06666666666666,133.98298641103295,214.06666666666666,107.75333333333333,
2024-05-16,249.34,7,137,3,5,0,229.95142857142858,214.9646666666667,131.7234946682597,214.9646666666667,34.375333333333316,
2024-05-17,272.36,8,138,4,5,0,258.0828571428571,214.06666666666666,112.90965322095441,214.06666666666666,58.29333333333335,
2024-05-18,244.44,7,139,5,5,1,256.68285714285713,218.03466666666665,113.02594004833368,218.03466666666665,26.405333333333346,
2024-05-19,393.84000000000003,12,140,6,5,1,274.03714285714284,223.11266666666663,124.57078920762089,223.11266666666663,170.7273333333334,
2024-05-20,530.02,16,141,0,5,0,345.0657142857143,235.47333333333333,104.19004796638725,235.47333333333333,294.5466666666666,
2024-05-21,173.89999999999998,5,142,1,5,0,312.2457142857143,229.51333333333332,117.94072280276258,229.51333333333332,-55.613333333333344,
2024-05-22,370.82,11,143,2,5,0,319.24571428571426,233.17066666666668,120.0391356818187,233.17066666666668,137.64933333333332,
2024-05-23,536.4,15,144,3,5,0,360.2542857142857,237.04066666666668,139.61471924038457,237.04066666666668,299.3593333333333,
2024-05-24,210.14000000000001,7,145,4,5,0,351.36571428571426,241.85733333333334,147.87915413800354,241.85733333333334,-31.71733333333333,
2024-05-25,196.92000000000002,6,146,5,5,1,344.57714285714286,245.13933333333335,154.5462405144261,245.13933333333335,-48.21933333333334,
2024-05-26,526.6,15,147,6,5,1,363.54285714285714,256.896,169.06352156455722,256.896,269.704,
2024-05-27,365.92,11,148,0,5,0,340.09999999999997,260.01466666666664,152.71917845073241,260.01466666666664,105.90533333333337,
2024-05-28,333.1,10,149,1,5,0,362.84285714285716,267.0686666666667,134.62589024333136,267.0686666666667,66.03133333333335,
2024-05-29,357.6,10,150,2,5,0,360.95428571428573,268.97933333333333,134.58805529678853,268.97933333333333,88.6206666666667,
2024-05-30,370.82,11,151,3,5,0,337.30000000000007,280.0826666666666,111.11789894821918,280.0826666666666,90.73733333333337,
2024-05-31,460.96,13,152,4,5,0,373.13142857142856,289.8146666666667,103.45531715489072,289.8146666666667,171.14533333333327,
2024-06-01,347.8,10,153,5,6,1,394.6857142857143,292.8193333333333,71.36422886786306,292.8193333333333,54.98066666666671,
2024-06-02,178.8,5,154,6,6,1,345.0,289.7006666666667,84.1444099945642,289.7006666666667,-110.90066666666667,
2024-06-03,183.7,5,155,0,6,0,318.96857142857147,288.93333333333334,102.72802853953264,288.93333333333334,-105.23333333333335,
2024-06-04,474.18,14,156,1,6,0,339.1228571428572,302.2246666666667,118.57895452879842,302.2246666666667,171.95533333333333,
2024-06-05,310.08,9,157,2,6,0,332.3342857142857,303.04133333333334,118.7050269726241,303.04133333333334,7.038666666666643,
2024-06-06,385.52,11,158,3,6,0,334.4342857142857,305.556,119.6258058638328,305.556,79.964,
2024-06-07,149.4,5,159,4,6,0,289.92571428571426,309.2786666666667,122.62669677482445,309.2786666666667,-159.8786666666667,
2024-06-08,136.18,4,160,5,6,1,259.6942857142857,303.972,131.7286208912275,303.972,-167.79199999999997,
2024-06-09,436.46,13,161,6,6,1,296.5028571428571,316.006,141.02760553809847,316.006,120.45400000000001,
2024-06-10,226.32,6,162,0,6,0,302.59142857142854,315.07533333333333,136.18270025087264,315.07533333333333,-88.75533333333334,
2024-06-11,211.62,6,163,1,6,0,265.0828571428571,313.0506666666667,115.65702136263135,313.0506666666667,-101.4306666666667,
2024-06-12,221.42,6,164,2,6,0,252.41714285714284,319.3373333333333,114.75919683033179,319.3373333333333,-97.91733333333329,
2024-06-13,379.14,12,165,3,6,0,251.50571428571428,318.5206666666666,113.54480508550243,318.5206666666666,60.61933333333337,
2024-06-14,126.38,4,166,4,6,0,248.21714285714285,312.00600000000003,117.26728809494503,312.00600000000003,-185.62600000000003,
2024-06-15,262.56,8,167,5,6,1,266.2714285714286,312.44666666666666,106.36524862136925,312.44666666666666,-49.886666666666656,
2024-06-16,408.54,12,168,6,6,1,262.28285714285715,316.986,99.20200967626364,316.986,91.55400000000003,
2024-06-17,323.3,10,169,0,6,0,276.13714285714286,319.61466666666666,100.11027947789796,319.61466666666666,3.6853333333333467,
2024-06-18,234.64,7,170,1,6,0,279.42571428571426,314.308,97.99341523067461,314.308,-79.668,
2024-06-19,380.62,11,171,2,6,0,302.16857142857145,309.32800000000003,100.72339540023641,309.32800000000003,71.29199999999997,
2024-06-20,221.42,6,172,3,6,0,279.63714285714286,310.91200000000003,98.24568552261981,310.91200000000003,-89.49200000000005,
2024-06-21,403.64,12,173,4,6,0,319.24571428571426,312.00600000000003,80.43669619792995,312.00600000000003,91.63399999999996,
2024-06-22,169.0,5,174,5,6,1,305.88,299.7593333333333,97.4084021016667,299.7593333333333,-130.7593333333333,
2024-06-23,178.8,5,175,6,6,1,273.06,298.7146666666667,95.7432023696721,298.7146666666667,-119.91466666666668,
2024-06-24,221.42,6,176,0,6,0,258.5057142857143,299.53133333333335,94.56955656325886,299.53133333333335,-78.11133333333336,
2024-06-25,141.07999999999998,4,177,1,6,0,245.14000000000001,286.6806666666667,104.5857989085197,286.6806666666667,-145.6006666666667,
2024-06-26,196.92,6,178,2,6,0,218.89714285714285,281.0473333333333,86.38929442052519,281.0473333333333,-84.12733333333333,
2024-06-27,131.28,4,179,3,6,0,206.01999999999998,274.32,92.45567803007016,274.32,-143.04,
2024-06-28,159.2,5,180,4,6,0,171.1,267.7066666666667,31.33400070211283,267.7066666666667,-108.50666666666672,
2024-06-29,287.06,8,181,5,6,1,187.96571428571426,264.9146666666667,53.76191801425458,264.9146666666667,22.145333333333326,
2024-06-30,131.28,4,182,6,6,1,181.17714285714285,253.9253333333333,57.94930247330732,253.9253333333333,-122.6453333333333,
2024-07-01,98.46,3,183,0,7,0,163.61142857142858,245.61399999999998,62.19792049808196,245.61399999999998,-147.154,
2024-07-02,192.02,6,184,1,7,0,170.88857142857142,246.0546666666667,62.1022971739832,246.0546666666667,-54.03466666666668,
2024-07-03,310.08,9,185,2,7,0,187.0542857142857,250.26733333333334,81.65729011283334,250.26733333333334,59.812666666666644,
2024-07-04,60.74,2,186,3,7,0,176.97714285714284,236.486,93.2212103394011,236.486,-175.74599999999998,
2024-07-05,303.7,10,187,4,7,0,197.61999999999998,236.27333333333334,104.00394800198691,236.27333333333334,67.42666666666665,
2024-07-06,164.1,5,188,5,7,1,180.0542857142857,228.89266666666666,96.49276637087759,228.89266666666666,-64.79266666666666,
2024-07-07,346.32,11,189,6,7,1,210.77428571428572,235.45666666666665,111.44838250017251,235.45666666666665,110.86333333333334,
2024-07-08,139.6,5,190,0,7,0,216.65142857142857,235.57066666666665,105.46243113522642,235.57066666666665,-95.97066666666666,
2024-07-09,144.5,5,191,1,7,0,209.86285714285714,225.83866666666665,108.78914984413437,225.83866666666665,-81.33866666666665,
2024-07-10,83.76,3,192,2,7,0,177.53142857142856,221.08666666666667,107.6659035208101,221.08666666666667,-137.32666666666665,
2024-07-11,116.58,4,193,3,7,0,185.50857142857143,217.91866666666667,99.31521861033713,217.91866666666667,-101.33866666666667,
2024-07-12,154.3,5,194,4,7,0,164.16571428571427,215.68133333333336,84.65342498626252,215.68133333333336,-61.381333333333345,
2024-07-13,65.64,2,195,5,7,1,150.1,205.2313333333333,92.48388688486958,205.2313333333333,-139.5913333333333,
2024-07-14,172.42000000000002,6,196,6,7,1,125.25714285714285,206.766,38.71979929109761,206.766,-34.345999999999975,
2024-07-15,32.82,1,197,0,7,0,110.00285714285714,199.108,51.162148024454766,199.108,-166.288,
2024-07-16,60.74,2,198,1,7,0,98.03714285714285,187.51466666666667,51.54273363410429,187.51466666666667,-126.77466666666666,
2024-07-17,27.92,1,199,2,7,0,90.05999999999999,177.66866666666667,58.033113535865915,177.66866666666667,-149.74866666666668,
2024-07-18,312.02,11,200,3,7,0,117.97999999999999,180.248,102.72398291862856,180.248,131.772,
2024-07-19,242.96,8,201,4,7,0,130.6457142857143,175.65933333333334,112.90941485059953,175.65933333333334,67.30066666666667,
2024-07-20,200.33999999999997,7,202,5,7,1,149.88857142857142,174.95666666666665,111.4530943833282,174.95666666666665,25.383333333333326,
2024-07-21,121.48,4,203,6,7,1,142.61142857142858,165.55133333333333,111.39975874129651,165.55133333333333,-44.07133333333333,
2024-07-22,106.78,4,204,0,7,0,153.17714285714285,163.47733333333335,102.39444218548293,163.47733333333335,-56.69733333333335,
2024-07-23,339.94,12,205,1,7,0,193.06285714285715,168.84866666666667,114.09599667447961,168.84866666666667,171.09133333333332,
2024-07-24,330.14,12,206,2,7,0,236.23714285714283,172.47266666666667,97.10580650580503,172.47266666666667,157.66733333333332,
2024-07-25,269.4,10,207,3,7,0,230.14857142857142,176.75,92.80307527745174,176.75,92.64999999999998,
2024-07-26,461.42,16,208,4,7,0,261.35714285714283,185.56666666666666,127.91858162053515,185.56666666666666,275.85333333333335,
2024-07-27,372.76,13,209,5,7,1,285.98857142857145,193.616,130.77941675821555,193.616,179.14399999999998,
2024-07-28,78.86,3,210,6,7,1,279.9,190.938,140.35622251970156,190.938,-112.07799999999999,
2024-07-29,321.82,11,211,0,7,0,310.62,192.09666666666666,117.88408035014726,192.09666666666666,129.72333333333333,
2024-07-30,650.48,24,212,1,7,0,354.98285714285714,209.40333333333334,175.2372933780825,209.40333333333334,441.0766666666667,
2024-07-31,633.84,22,213,2,7,0,398.36857142857144,227.24933333333334,203.39475209786593,227.24933333333334,406.5906666666667,
2024-08-01,335.04,12,214,3,8,0,407.74571428571426,232.01666666666668,197.89671168374184,232.01666666666668,103.02333333333334,
2024-08-02,139.60000000000002,5,215,4,8,0,361.7714285714286,226.334,219.54665467948342,226.334,-86.73399999999998,
2024-08-03,358.06,13,216,5,8,1,359.67142857142863,236.24466666666666,219.49432699036288,236.24466666666666,121.81533333333334,
2024-08-04,187.12,6,217,6,8,1,375.13714285714286,232.35866666666666,199.29508119990354,232.35866666666666,-45.23866666666666,
2024-08-05,392.36,13,218,0,8,0,385.2142857142857,239.96733333333336,197.92854088088976,239.96733333333336,152.39266666666666,
2024-08-06,247.86,8,219,1,8,0,327.69714285714286,236.68533333333335,163.50177998157335,236.68533333333335,11.174666666666667,
2024-08-07,279.2,10,220,2,8,0,277.0342857142857,241.33866666666665,92.2482525321649,241.33866666666665,37.861333333333334,
2024-08-08,208.66,8,221,3,8,0,258.97999999999996,243.47733333333332,91.36658762005567,243.47733333333332,-34.81733333333332,
2024-08-09,218.46,8,222,4,8,0,270.2457142857143,247.96733333333333,78.09075038209114,247.96733333333333,-29.50733333333332,
2024-08-10,321.82,11,223,5,8,1,265.06857142857143,254.80866666666668,72.284081103327,254.80866666666668,67.01133333333331,
2024-08-11,443.3,15,224,6,8,1,301.6657142857143,264.442,89.12999548545969,264.442,178.858,
2024-08-12,377.66,13,225,0,8,0,299.5657142857143,274.8426666666667,86.77916855581219,274.8426666666667,102.81733333333335,
2024-08-13,382.56,13,226,1,8,0,318.8085714285714,281.8473333333333,88.3235550742402,281.8473333333333,100.71266666666668,
2024-08-14,348.26,13,227,2,8,0,328.6742857142857,292.362,87.00912190821175,292.362,55.89799999999997,
2024-08-15,446.72,16,228,3,8,0,362.6828571428572,305.228,78.37814867982111,305.228,141.49200000000002,
2024-08-16,120.0,5,229,4,8,0,348.6171428571429,308.2973333333333,110.7313803331113,308.2973333333333,-188.2973333333333,
2024-08-17,312.02,11,230,5,8,1,347.21714285714285,308.2973333333333,111.18766084332148,308.2973333333333,3.722666666666669,
2024-08-18,279.2,10,231,6,8,1,323.7742857142857,309.50533333333334,104.66105529392516,309.50533333333334,-30.30533333333335,
2024-08-19,121.48,4,232,0,8,0,287.1771428571429,306.8766666666667,125.41097157137472,306.8766666666667,-185.3966666666667,
2024-08-20,358.06,13,233,1,8,0,283.6771428571429,314.76266666666663,122.61607476377704,314.76266666666663,43.29733333333337,
2024-08-21,190.54,7,234,2,8,0,261.1457142857143,317.5546666666667,123.25997983356723,317.5546666666667,-127.01466666666673,
2024-08-22,200.34,7,235,3,8,0,225.9485714285714,312.90133333333335,92.86709417739071,312.90133333333335,-112.56133333333335,
2024-08-23,353.15999999999997,13,236,4,8,0,259.25714285714287,313.6686666666667,90.31168652953777,313.6686666666667,39.49133333333327,
2024-08-24,128.32,6,237,5,8,1,233.0142857142857,308.966,98.72268210449278,308.966,-180.64600000000002,
2024-08-25,167.51999999999998,6,238,6,8,1,217.06,299.1693333333334,99.03838851677655,299.1693333333334,-131.6493333333334,
2024-08-26,297.32,11,239,0,8,0,242.18,296.6546666666667,92.86248327500171,296.6546666666667,0.665333333333308,
2024-08-27,32.82,1,240,1,8,0,195.71714285714285,295.12,105.69807656942565,295.12,-262.3,
2024-08-28,111.68,4,241,2,8,0,184.45142857142855,288.11533333333335,110.43816119267392,288.11533333333335,-176.43533333333335,
2024-08-29,23.02,1,242,3,8,0,159.11999999999998,267.2,125.49595956311362,267.2,-244.17999999999998,
2024-08-30,88.66,3,243,4,8,0,121.3342857142857,249.02733333333333,92.92845256022548,249.02733333333333,-160.36733333333333,
2024-08-31,143.02,6,244,5,8,1,123.4342857142857,242.62666666666667,93.27806438406662,242.62666666666667,-99.60666666666665,
2024-09-01,293.9,10,245,6,9,1,141.48857142857142,247.76999999999998,113.31232110536654,247.76999999999998,46.129999999999995,
2024-09-02,233.16,8,246,0,9,0,132.32285714285712,243.60666666666665,100.47407388878736,243.60666666666665,-10.446666666666658,
2024-09-03,513.84,17,247,1,9,0,201.04,254.49733333333333,164.90928253638918,254.49733333333333,259.3426666666667,
2024-09-04,298.8,10,248,2,9,0,227.77142857142854,251.37866666666665,163.16671019017843,251.37866666666665,47.421333333333365,
2024-09-05,405.58000000000004,14,249,3,9,0,282.42285714285714,256.636,146.35888649871185,256.636,148.94400000000002,
2024-09-06,274.3,10,250,4,9,0,308.9428571428572,256.47266666666667,119.80839226507803,256.47266666666667,17.827333333333343,
2024-09-07,579.94,22,251,5,9,1,371.36000000000007,268.84866666666665,132.13759495313943,268.84866666666665,311.0913333333334,
2024-09-08,138.12,6,252,6,9,1,349.1057142857143,266.1706666666667,157.953652153318,266.1706666666667,-128.0506666666667,
2024-09-09,518.74,17,253,0,9,0,389.90285714285716,272.73466666666667,159.88416199593627,272.73466666666667,246.00533333333334,
2024-09-10,289.0,10,254,1,9,0,357.78285714285715,267.59133333333335,153.28447515586655,267.59133333333335,21.408666666666647,
2024-09-11,242.96,8,255,2,9,0,349.80571428571426,263.10133333333334,158.23855902372438,263.10133333333334,-20.141333333333336,
2024-09-12,310.54,12,256,3,9,0,336.2285714285714,260.7006666666667,156.72550477704323,260.7006666666667,49.83933333333334,
2024-09-13,187.12,6,257,4,9,0,323.7742857142857,255.32933333333332,165.67526297520917,255.32933333333332,-68.20933333333332,
2024-09-14,65.64,2,258,5,9,1,250.30285714285716,242.62666666666667,146.0113221311147,242.62666666666667,-176.98666666666668,
2024-09-15,147.92000000000002,6,259,6,9,1,251.7028571428571,243.5573333333333,144.79835009583547,243.5573333333333,-95.63733333333329,
2024-09-16,336.52,11,260,0,9,0,225.67142857142855,244.374,97.41751920275426,244.374,92.14599999999999,
2024-09-17,661.76,23,261,1,9,0,278.92285714285714,257.12600000000003,192.89624583475648,257.12600000000003,404.63399999999996,
2024-09-18,121.48,4,262,2,9,0,261.56857142857143,257.126,201.92428345203803,257.126,-135.64599999999996,
2024-09-19,157.72,6,263,3,9,0,239.73714285714286,250.448,203.9977710429115,250.448,-92.72800000000001,
2024-09-20,195.44,7,264,4,9,0,240.9257142857143,250.61133333333333,203.66407299416207,250.61133333333333,-55.17133333333334,
2024-09-21,428.6,15,265,5,9,1,292.7771428571428,258.22,197.7165012262325,258.22,170.38,
2024-09-22,679.88,24,266,6,9,1,368.7714285714286,269.1106666666667,232.0165220717819,269.1106666666667,410.7693333333333,
2024-09-23,279.2,10,267,0,9,0,360.5828571428571,274.14000000000004,234.344303800646,274.14000000000004,5.059999999999945,
2024-09-24,448.2,15,268,1,9,0,330.07428571428574,283.49600000000004,199.98216510955348,283.49600000000004,164.70399999999995,
2024-09-25,279.2,10,269,2,9,0,352.60571428571427,282.892,180.49938050282807,282.892,-3.6920000000000073,
2024-09-26,261.08,9,270,3,9,0,367.3714285714286,290.5006666666667,165.504525963146,290.5006666666667,-29.420666666666705,
2024-09-27,481.02000000000004,16,271,4,9,0,408.16857142857145,302.812,150.58509348854,302.812,178.20800000000003,
2024-09-28,362.98,11,272,5,9,1,398.7942857142857,314.144,151.1426728687326,314.144,48.83600000000001,
2024-09-29,368.86,11,273,6,9,1,354.36285714285714,323.48400000000004,86.72991135594154,323.48400000000004,45.375999999999976,
2024-09-30,427.14,14,274,0,9,0,375.4971428571429,332.95466666666664,83.31958187490788,332.95466666666664,94.18533333333335,
2024-10-01,482.5,15,275,1,10,0,380.3971428571429,339.24133333333333,89.11486253038535,339.24133333333333,143.25866666666667,
2024-10-02,373.76,11,276,2,10,0,393.9057142857143,343.928,77.64724911571595,343.928,29.831999999999994,
2024-10-03,271.38,8,277,3,10,0,395.3771428571429,335.84600000000006,74.75437149185868,335.84600000000006,-64.46600000000007,
2024-10-04,267.94,9,278,4,10,0,364.9371428571429,334.81733333333335,77.40442229276142,334.81733333333335,-66.87733333333335,
2024-10-05,175.36,6,279,5,10,1,338.1342857142857,327.1433333333333,105.55849734580684,327.1433333333333,-151.7833333333333,
2024-10-06,656.4,20,280,6,10,1,379.2114285714286,339.88,160.93127512788078,339.88,316.52,
2024-10-07,399.71999999999997,12,281,0,10,0,375.2942857142857,333.8726666666667,159.9006448660273,333.8726666666667,65.84733333333327,
2024-10-08,584.88,18,282,1,10,0,389.92,348.7646666666667,175.28311536863237,348.7646666666667,236.1153333333333,
2024-10-09,365.41999999999996,12,283,2,10,0,388.7285714285714,343.65400000000005,175.43953900879643,343.65400000000005,21.765999999999906,
2024-10-10,487.4,15,284,3,10,0,419.5885714285714,350.26733333333334,170.28073755111683,350.26733333333334,137.13266666666664,
2024-10-11,836.66,26,285,4,10,0,500.8342857142857,370.0573333333333,215.52973583376232,370.0573333333333,466.60266666666666,
2024-10-12,216.01999999999998,7,286,5,10,1,506.64285714285717,366.9066666666667,205.61610359391307,366.9066666666667,-150.8866666666667,
2024-10-13,272.84,9,287,6,10,1,451.84857142857135,369.764,210.1140842041588,369.764,-96.92400000000004,
2024-10-14,528.06,16,288,0,10,0,470.18285714285713,385.178,210.4064883120515,385.178,142.88199999999995,
2024-10-15,579.98,18,289,1,10,0,469.48285714285714,399.58,209.96900165772757,399.58,180.40000000000003,
2024-10-16,441.84,14,290,2,10,0,480.4,403.09066666666666,205.59776717334896,403.09066666666666,38.74933333333331,
2024-10-17,726.4599999999999,21,291,3,10,0,514.5514285714286,405.24733333333336,225.81516567232367,405.24733333333336,321.21266666666656,
2024-10-18,521.6999999999999,15,292,4,10,0,469.5571428571428,418.58799999999997,177.05023032219643,418.58799999999997,103.11199999999997,
2024-10-19,316.94,9,293,5,10,1,483.97428571428566,423.8953333333333,155.79721636977783,423.8953333333333,-106.95533333333333,
2024-10-20,547.66,16,294,6,10,1,523.2342857142858,435.636,125.38300401265728,435.636,112.02399999999994,
2024-10-21,615.74,19,295,0,10,0,535.76,441.87399999999997,130.23130140894162,441.87399999999997,173.86600000000004,
2024-10-22,272.84,9,296,1,10,0,491.8828571428572,428.306,160.96389012387056,428.306,-155.466,
2024-10-23,415.88,13,297,2,10,0,488.1742857142857,432.862,162.59977233042088,432.862,-16.982000000000028,
2024-10-24,497.2,15,298,3,10,0,455.42285714285714,434.4953333333333,125.44912989126769,434.4953333333333,62.7046666666667,
2024-10-25,472.7,15,299,4,10,0,448.42285714285714,440.94533333333334,122.46614848115985,440.94533333333334,31.75466666666665,
2024-10-26,513.36,16,300,5,10,1,476.48285714285714,449.3546666666667,109.09116275150865,449.3546666666667,64.00533333333334,
2024-10-27,169.0,5,301,6,10,1,422.3885714285715,438.95399999999995,152.97138636888604,438.95399999999995,-269.95399999999995,
2024-10-28,599.5799999999999,18,302,0,10,0,420.08,446.8406666666667,149.65303828077342,446.8406666666667,152.7393333333332,
2024-10-29,589.78,18,303,1,10,0,465.35714285714283,454.20466666666664,145.5704445408115,454.20466666666664,135.57533333333333,
2024-10-30,523.16,16,304,2,10,0,480.6828571428572,457.4053333333333,145.13991292476882,457.4053333333333,65.75466666666665,
2024-10-31,169.0,5,305,3,10,0,433.79714285714283,446.95533333333333,186.13573091647257,446.95533333333333,-277.95533333333333,
2024-11-01,225.82,7,306,4,11,0,398.5285714285714,442.024,200.38006250028724,442.024,-216.204,
2024-11-02,287.53999999999996,9,307,5,11,1,366.26857142857136,442.56266666666664,196.9603468914975,442.56266666666664,-155.02266666666668,
2024-11-03,406.08,13,308,6,11,1,400.13714285714286,447.1673333333334,176.7299112312613,447.1673333333334,-41.08733333333339,
2024-11-04,230.72,7,309,0,11,0,347.4428571428571,449.01266666666663,161.7037774980623,449.01266666666663,-218.29266666666663,
2024-11-05,588.3199999999999,17,310,1,11,0,347.2342857142857,446.7433333333333,161.33963791302105,446.7433333333333,141.57666666666665,
2024-11-06,261.58,8,311,2,11,0,309.86571428571426,442.1386666666666,143.05872999775795,442.1386666666666,-180.55866666666662,
2024-11-07,230.72,7,312,3,11,0,318.6828571428572,430.3333333333333,134.58052232948188,430.3333333333333,-199.61333333333332,
2024-11-08,394.82,12,313,4,11,0,342.82571428571424,431.31333333333333,130.23358077663664,431.31333333333333,-36.49333333333334,
2024-11-09,539.3199999999999,17,314,5,11,1,378.7942857142857,433.044,146.2087779919685,433.044,106.27599999999995,
2024-11-10,204.76,6,315,6,11,1,350.03428571428566,411.98066666666665,159.17260011877485,411.98066666666665,-207.22066666666666,
2024-11-11,342.9,10,316,0,11,0,366.06,416.21,150.57264824661874,416.21,-73.31,
2024-11-12,321.84,9,317,1,11,0,327.99142857142857,417.8433333333333,114.34168260504288,417.8433333333333,-96.00333333333333,
2024-11-13,194.95999999999998,6,318,2,11,0,318.47428571428566,406.74,123.21862235570597,406.74,-211.78000000000003,
2024-11-14,471.23999999999995,14,319,3,11,0,352.83428571428567,403.11533333333335,128.10754269455828,403.11533333333335,68.1246666666666,
2024-11-15,359.06,11,320,4,11,0,347.7257142857143,400.356,126.86116543386348,400.356,-41.29599999999999,
2024-11-16,420.78,13,321,5,11,1,330.7914285714286,390.1666666666667,102.61879285793142,390.1666666666667,30.613333333333287,
2024-11-17,297.34,9,322,6,11,1,344.01714285714286,382.688,88.68891357140517,382.688,-85.34800000000001,
2024-11-18,204.76,6,323,0,11,0,324.28285714285715,378.9486666666666,103.16616850406686,378.9486666666666,-174.18866666666662,
2024-11-19,368.85999999999996,11,324,1,11,0,331.0,372.9886666666667,104.50268258119814,372.9886666666667,-4.1286666666667315,
2024-11-20,138.14,4,325,2,11,0,322.8828571428571,357.0686666666667,118.14662214303681,357.0686666666667,-218.9286666666667,
2024-11-21,261.58,8,326,3,11,0,292.93142857142857,356.6933333333333,99.34814868742671,356.6933333333333,-95.11333333333334,
2024-11-22,214.56,6,327,4,11,0,272.2885714285714,349.98266666666666,98.32474077066793,349.98266666666666,-135.42266666666666,
2024-11-23,246.88,8,328,5,11,1,247.44571428571427,341.63866666666667,73.35103517950357,341.63866666666667,-94.75866666666667,
2024-11-24,35.76,1,329,6,11,1,210.07714285714286,327.07399999999996,103.94612157495924,327.07399999999996,-291.31399999999996,
2024-11-25,373.76,11,330,0,11,0,234.22,322.4206666666667,120.77005699537729,322.4206666666667,51.339333333333286,
2024-11-26,333.09999999999997,10,331,1,11,0,229.11142857142855,327.8906666666666,114.73090421047155,327.8906666666666,5.209333333333348,
2024-11-28,204.76,6,333,3,11,0,238.6285714285714,314.7299999999999,108.52207262865495,314.7299999999999,-109.96999999999991,
2024-11-29,235.62,7,334,4,11,0,234.92000000000002,302.92466666666667,108.04956455257009,302.92466666666667,-67.30466666666666,
2024-11-30,194.95999999999998,6,335,5,11,1,232.12000000000003,291.9846666666666,108.91559606716882,291.9846666666666,-97.02466666666663,
2024-12-01,466.34,14,336,6,12,1,263.4714285714286,301.89599999999996,140.7932341447997,301.89599999999996,164.44400000000002,
2024-12-02,272.84,9,337,0,12,0,297.34000000000003,303.4633333333333,99.28252884235641,303.4633333333333,-30.623333333333335,
2024-12-03,425.68,13,338,1,12,0,304.7571428571428,308.068,107.53926751258285,308.068,117.61200000000002,
2024-12-04,318.4,10,339,2,12,0,302.65714285714284,305.14533333333327,107.03590078633832,305.14533333333327,13.254666666666708,
2024-12-05,282.64,9,340,3,12,0,313.78285714285715,306.87600000000003,98.90270399308028,306.87600000000003,-24.236000000000047,
2024-12-06,143.04,4,341,4,12,0,300.5571428571428,292.03333333333336,115.83733101700358,292.03333333333336,-148.99333333333337,
2024-12-07,185.16,6,342,5,12,1,299.15714285714284,289.486,117.37528668254458,289.486,-104.326,
2024-12-08,339.46,11,343,6,12,1,281.03142857142853,293.11066666666665,94.90009614125294,293.11066666666665,46.349333333333334,
2024-12-09,154.3,5,344,0,12,0,264.09714285714284,285.0933333333333,106.4757677775067,285.0933333333333,-130.7933333333333,
2024-12-10,61.72,2,345,1,12,0,212.10285714285712,269.17333333333335,103.23612315371759,269.17333333333335,-207.45333333333335,
2024-12-11,225.82,7,346,2,12,0,198.87714285714287,269.8753333333333,92.74591055032856,269.8753333333333,-44.055333333333294,
2024-12-12,196.42,7,347,3,12,0,186.55999999999997,264.99266666666665,85.18476076544849,264.99266666666665,-68.57266666666666,
2024-12-13,266.48,8,348,4,12,0,204.1942857142857,263.14733333333334,87.42148913113287,263.14733333333334,3.3326666666666824,
2024-12-14,334.56,11,349,5,12,1,225.5371428571428,267.80066666666664,99.41444658839181,267.80066666666664,66.75933333333336,
2024-12-15,107.28,3,350,6,12,1,192.36857142857144,255.66866666666664,93.63461671635696,255.66866666666664,-148.38866666666664,
2024-12-16,276.28,8,351,0,12,0,209.7942857142857,252.90933333333334,96.67037789263463,252.90933333333334,23.370666666666637,
2024-12-17,225.82,7,352,1,12,0,233.23714285714286,246.41066666666666,71.36155400827678,246.41066666666666,-20.590666666666664,
2024-12-18,138.14,4,353,2,12,0,220.71142857142854,241.10399999999998,80.04688864004896,241.10399999999998,-102.964,
2024-12-19,333.09999999999997,10,354,3,12,0,240.23714285714283,245.38199999999998,89.27240068357933,245.38199999999998,87.71799999999999,
2024-12-20,267.94,9,355,4,12,0,240.44571428571427,242.018,89.34560740128624,242.018,25.921999999999997,
2024-12-21,477.59999999999997,15,356,5,12,1,260.88,253.33333333333331,124.06823498919188,253.33333333333331,224.26666666666665,
2024-12-22,240.51999999999998,7,357,6,12,1,279.91428571428565,252.63133333333332,105.39054588484093,252.63133333333332,-12.111333333333334,
2024-12-23,313.5,10,358,0,12,0,285.2314285714286,255.92933333333335,106.11306162588585,255.92933333333335,57.570666666666654,
2024-12-24,220.92,7,359,1,12,0,284.53142857142853,255.064,106.5854141723234,255.064,-34.144000000000005,
2024-12-25,394.82,12,360,2,12,0,321.2,267.03266666666667,90.81458473174882,267.03266666666667,127.78733333333332,
2024-12-26,56.81999999999999,2,361,3,12,0,281.7314285714286,256.46799999999996,134.37170478794653,256.46799999999996,-199.64799999999997,
2024-12-27,237.07999999999998,8,362,4,12,0,277.3228571428571,253.2673333333333,135.40188843024382,253.2673333333333,-16.187333333333328,
2024-12-28,261.58,8,363,5,12,1,246.4628571428571,255.16133333333332,102.85309486743479,255.16133333333332,6.418666666666667,
2024-12-29,217.48,8,364,6,12,1,243.17142857142855,254.55666666666667,103.44193917822886,254.55666666666667,-37.07666666666668,
2024-12-30,287.53999999999996,9,365,0,12,0,239.4628571428571,257.6426666666667,100.93528978414608,257.6426666666667,29.89733333333328,
2024-12-31,508.46,16,366,1,12,0,280.54,259.0466666666667,142.20402010257425,259.0466666666667,249.4133333333333,
2025-01-02,282.64,9,2,3,1,0,264.5142857142857,259.3733333333333,133.21575668280175,259.3733333333333,23.26666666666671,
2025-01-03,211.12,7,3,4,1,0,286.5571428571428,252.22133333333332,102.29976176483925,252.22133333333332,-41.101333333333315,
2025-01-04,313.5,10,4,5,1,1,297.47428571428566,252.05799999999996,100.19571628520238,252.05799999999996,61.442000000000036,236.01219999999986
2025-01-05,97.47999999999999,3,5,6,1,1,274.0314285714286,245.886,125.89508269832882,245.886,-148.406,229.07219999999984
2025-01-06,25.96,1,6,0,1,0,246.67142857142855,241.98333333333332,157.16170731962367,241.98333333333332,-216.0233333333333,192.92240000000012
2025-01-07,107.28,3,7,1,1,0,220.92000000000002,239.38733333333332,163.96980982282486,239.38733333333332,-132.10733333333332,247.01179999999985
2025-01-08,128.34,4,8,2,1,0,166.61714285714285,232.35,105.330269424999,232.35,-104.00999999999999,241.21119999999985
2025-01-09,272.84,9,9,3,1,0,165.21714285714285,236.30133333333333,103.58174384100161,236.30133333333333,36.53866666666664,241.59139999999974
2025-01-10,164.1,5,10,4,1,0,158.5,239.71399999999997,101.61479682277258,239.71399999999997,-75.61399999999998,246.0981999999998
2025-01-11,487.4,15,11,5,1,1,183.34285714285713,248.43333333333334,153.7223897934505,248.43333333333334,238.96666666666664,236.01219999999986
2025-01-12,154.3,5,12,6,1,1,191.45999999999998,247.02933333333334,149.88511155770834,247.02933333333334,-92.72933333333333,229.07219999999984
2025-01-13,251.78,8,13,0,1,0,223.72,246.5393333333333,131.5019513163208,246.5393333333333,5.240666666666698,192.92240000000012
2025-01-14,261.58,8,14,1,1,0,245.7628571428571,244.10666666666665,121.26449902510433,244.10666666666665,17.47333333333333,247.01179999999985
2025-01-15,342.9,10,15,2,1,0,276.4142857142857,251.96066666666667,113.50579939033113,251.96066666666667,90.93933333333331,241.21119999999985
2025-01-16,328.2,10,16,3,1,0,284.3228571428571,253.6913333333333,115.13221757531436,253.6913333333333,74.5086666666667,241.59139999999974
2025-01-17,312.03999999999996,9,17,4,1,0,305.45714285714286,256.5653333333333,102.24208489565109,256.5653333333333,55.47466666666668,246.0981999999998
2025-01-18,138.14,4,18,5,1,1,255.56285714285713,256.5653333333333,81.83968917224408,256.5653333333333,-118.4253333333333,236.01219999999986
2025-01-20,313.5,10,20,0,1,0,278.30571428571426,255.91199999999998,70.31866960657104,255.91199999999998,57.58800000000002,192.92240000000012
2025-01-21,251.78,8,21,1,1,0,278.30571428571426,255.3733333333333,70.31866960657104,255.3733333333333,-3.5933333333333053,247.01179999999985
2025-01-22,220.92,7,22,2,1,0,272.4971428571429,246.81733333333332,73.53625629902703,246.81733333333332,-25.897333333333336,241.21119999999985
2025-01-24,230.72,7,24,4,1,0,256.4714285714286,246.49066666666664,67.62209782523547,246.49066666666664,-15.770666666666642,246.0981999999998
2025-01-25,97.47999999999999,3,25,5,1,1,223.51142857142855,239.28999999999996,81.61417757321567,239.28999999999996,-141.80999999999997,236.01219999999986
2025-01-26,47.019999999999996,2,26,6,1,1,185.65142857142857,233.4933333333333,94.20147122498871,233.4933333333333,-186.4733333333333,229.07219999999984
2025-01-27,313.5,10,27,0,1,0,210.70285714285714,230.78266666666664,102.41940403951548,230.78266666666664,82.71733333333336,192.92240000000012
2025-01-28,277.74,9,28,1,1,0,205.59428571428572,238.14666666666665,97.19606419623221,238.14666666666665,39.59333333333336,247.01179999999985
2025-01-29,103.84,4,29,2,1,0,184.46,233.70533333333333,101.469747215611,233.70533333333333,-129.86533333333333,241.21119999999985
2025-01-30,272.84,9,30,3,1,0,191.87714285714284,234.08066666666667,106.35886763128649,234.08066666666667,38.7593333333333,241.59139999999974
2025-01-31,389.91999999999996,12,31,4,1,0,214.61999999999998,239.82866666666666,130.3615454546828,239.82866666666666,150.0913333333333,246.0981999999998
2025-02-01,349.26,11,32,5,2,1,250.5885714285714,241.886,127.3543470568858,241.886,107.374,237.14879999999982
2025-02-02,245.42,7,33,6,2,1,278.93142857142857,233.11799999999997,91.5406160179862,233.11799999999997,12.302000000000021,251.9163999999997
2025-02-03,796.0,25,34,0,2,0,347.86,250.23,217.24985308779083,250.23,545.77,209.57920000000013
2025-02-04,360.52,12,35,1,2,0,359.6857142857143,255.21,215.0385704051829,255.21,105.30999999999997,270.34119999999984
2025-02-05,760.24,24,36,2,2,0,453.45714285714286,270.10133333333334,227.62712973298295,270.10133333333334,490.13866666666667,267.72979999999984
2025-02-06,394.82,12,37,3,2,0,470.8828571428571,280.01266666666663,215.8606165804134,280.01266666666663,114.80733333333336,269.0121999999997
2025-02-07,508.46,16,38,4,2,0,487.81714285714287,296.09600000000006,213.08234008744813,296.09600000000006,212.36399999999992,284.61919999999975
2025-02-08,212.58,8,39,5,2,1,468.2914285714286,299.606,233.20703615947303,299.606,-87.02599999999998,261.8545999999997
2025-02-09,297.34,9,40,6,2,1,475.7085714285714,305.2393333333333,225.64010779916566,305.2393333333333,-7.899333333333345,252.8961999999997
2025-02-10,662.76,21,41,0,2,0,456.6742857142857,318.2366666666666,198.05144911168446,318.2366666666666,344.52333333333337,209.57920000000013
2025-02-11,432.03999999999996,14,42,1,2,0,466.89142857142855,327.16799999999995,194.06902993768074,327.16799999999995,104.87200000000001,270.34119999999984
2025-02-12,570.18,18,43,2,2,0,439.73999999999995,329.9273333333333,155.68744029839627,329.9273333333333,240.25266666666664,267.72979999999984
2025-02-13,396.28,13,44,3,2,0,439.9485714285714,337.9933333333333,155.6181946762195,337.9933333333333,58.28666666666669,269.0121999999997
2025-02-14,458.0,15,45,4,2,0,432.73999999999995,344.8673333333333,153.06340124275312,344.8673333333333,113.1326666666667,284.61919999999975
2025-02-15,292.44,9,46,5,2,1,444.1485714285714,345.89599999999996,135.9368754763981,345.89599999999996,-53.45599999999996,261.8545999999997
2025-02-16,313.5,10,47,6,2,1,446.45714285714286,344.916,133.13651561640117,344.916,-31.415999999999997,252.8961999999997
2025-02-17,592.7,20,48,0,2,0,436.4485714285714,353.73266666666666,115.65093852171034,353.73266666666666,238.96733333333339,209.57920000000013
2025-02-18,555.48,18,49,1,2,0,454.0828571428571,361.8473333333333,123.97789234567686,361.8473333333333,193.6326666666667,270.34119999999984
2025-02-19,646.6,20,50,2,2,0,465.0,378.796,138.4275516892021,378.796,267.80400000000003,267.72979999999984
2025-02-20,581.4399999999999,19,51,3,2,0,491.45142857142855,387.7273333333333,140.77831928586318,387.7273333333333,193.71266666666662,269.0121999999997
2025-02-21,695.0799999999999,23,52,4,2,0,525.3199999999999,402.50399999999996,158.75938145508144,402.50399999999996,292.57599999999996,284.61919999999975
2025-02-22,139.6,5,53,5,2,1,503.4857142857142,399.7933333333333,201.0128184019736,399.7933333333333,-260.19333333333327,261.8545999999997
2025-02-23,190.06,6,54,6,2,1,485.8514285714285,398.43800000000005,224.49990701026826,398.43800000000005,-208.37800000000004,252.8961999999997
2025-02-24,723.02,22,55,0,2,0,504.4685714285714,419.2893333333333,239.72462586813876,419.2893333333333,303.7306666666667,209.57920000000013
2025-02-25,355.62,12,56,1,2,0,475.9171428571429,429.576,244.49090655988874,429.576,-73.95600000000002,270.34119999999984
2025-02-26,570.18,18,57,2,2,0,465.0,438.132,237.19660649624265,438.132,132.04799999999994,267.72979999999984
2025-02-27,610.8399999999999,19,58,3,2,0,469.19999999999993,449.2353333333333,239.84749765910294,449.2353333333333,161.60466666666662,269.0121999999997
2025-02-28,505.02,17,59,4,2,0,442.0485714285714,462.60799999999995,219.94765676016138,462.60799999999995,42.412000000000035,284.61919999999975
2025-03-01,241.98,8,60,5,3,1,456.6742857142857,461.57933333333335,198.87883437385892,461.57933333333335,-219.59933333333336,282.5289999999996
2025-03-02,185.16,6,61,6,3,1,455.97428571428566,454.754,199.97922582584624,454.754,-269.59400000000005,277.2149999999996
2025-03-03,737.72,22,62,0,3,0,458.07428571428574,467.7026666666667,203.30047900067729,467.7026666666667,270.01733333333334,192.82780000000005
2025-03-04,474.15999999999997,16,63,1,3,0,475.0085714285714,475.32733333333334,198.2174680688337,475.32733333333334,-1.1673333333333744,285.8453999999999
2025-03-05,591.24,19,64,2,3,0,478.01714285714286,468.502,200.05406416885475,468.502,122.738,247.33700000000005
2025-03-06,370.32,12,65,3,3,0,443.65714285714284,468.8286666666666,194.0026922248149,468.8286666666666,-98.50866666666661,256.22819999999996
2025-03-07,554.02,17,66,4,3,0,450.6571428571429,461.95466666666664,197.4393694035621,461.95466666666664,92.06533333333334,227.7642
2025-03-08,232.18,8,67,5,3,1,449.25714285714287,456.53333333333336,199.19262852109492,456.53333333333336,-224.35333333333335,245.29899999999995
2025-03-09,241.98,8,68,6,3,1,457.37428571428575,447.6506666666666,187.44844472166605,447.6506666666666,-205.67066666666662,220.64399999999995
2025-03-10,554.02,17,69,0,3,0,431.13142857142856,459.032,150.96764459408433,459.032,94.988,212.90000000000018
2025-03-11,420.78,13,70,1,3,0,423.5057142857143,463.14666666666665,149.77539393562438,463.14666666666665,-42.366666666666674,202.93000000000006
2025-03-12,544.22,17,71,2,3,0,416.7885714285714,459.1953333333333,141.84341124735317,459.1953333333333,85.02466666666675,196.18600000000023
2025-03-13,365.41999999999996,12,72,3,3,0,416.0885714285714,456.9746666666667,142.1227708038104,456.9746666666667,-91.55466666666672,229.49700000000004
2025-03-14,704.88,23,73,4,3,0,437.63999999999993,461.46466666666663,174.3165002708198,461.46466666666663,243.41533333333336,235.61600000000013
2025-03-15,225.82,7,74,5,3,1,436.7314285714286,455.78266666666667,175.57789149250095,455.78266666666667,-229.96266666666668,280.39
2025-03-16,164.1,5,75,6,3,1,425.60571428571427,445.986,191.70240920561784,445.986,-281.88599999999997,98.36599999999997
2025-03-17,401.18,13,76,0,3,0,403.77142857142854,449.61066666666665,183.15208465722074,449.61066666666665,-48.43066666666664,146.7430000000002
2025-03-18,549.12,17,77,1,3,0,422.1057142857143,457.4646666666667,191.37746740034856,457.4646666666667,91.65533333333332,162.79300000000003
2025-03-19,623.56,21,78,2,3,0,433.44,458.4933333333333,201.87647972625916,458.4933333333333,165.06666666666666,154.30899999999994
2025-03-20,597.6,20,79,3,3,0,466.6085714285714,459.89733333333334,207.82419841688102,459.89733333333334,137.7026666666667,161.246
2025-03-21,636.8,20,80,4,3,0,456.8828571428572,459.5706666666666,196.07613603855415,459.5706666666666,177.22933333333333,168.99400000000006
2025-03-22,365.41999999999996,12,81,5,3,1,476.82571428571424,452.37,174.57877599688777,452.37,-86.95000000000005,200.91400000000013
2025-03-23,204.76,6,82,6,3,1,482.63428571428574,436.026,162.71278282679017,436.026,-231.26600000000002,93.98399999999997
